"account no","rate pa","rateable value","current amount",arrears,"rate impose","total paid","account balance","bill type","bill year ","bill date"
BB-AY00191,50,0,50,0,,0,50,b,2018,"2018-12-24 00:00:00"
BB-AY00190,50,0,50,0,,0,50,b,2018,"2018-12-24 00:00:00"
PR-AY00850,0,0,100,0,,0,100,p,2018,"2018-12-24 00:00:00"
PR-AY00848,0,0,60,0,,0,60,p,2018,"2018-12-24 00:00:00"
BB-AY00189,200,0,200,0,,0,200,b,2018,"2018-12-24 00:00:00"
PR-AY00846,0,0,50,0,,0,50,p,2018,"2018-12-24 00:00:00"
BB-AY00188,200,0,200,0,,0,200,b,2018,"2018-12-24 00:00:00"
PR-AY00844,0,0,50,0,,0,50,p,2018,"2018-12-24 00:00:00"
BB-AY00187,60,0,60,0,,0,60,b,2018,"2018-12-24 00:00:00"
PR-AY00842,0,0,50,0,,0,50,p,2018,"2018-12-24 00:00:00"
BB-AY00185,60,0,60,0,,0,60,b,2018,"2018-12-24 00:00:00"
PR-AY00840,0,0,45,0,,0,45,p,2018,"2018-12-24 00:00:00"
BB-AY00184,200,0,200,0,,0,200,b,2018,"2018-12-24 00:00:00"
BB-AY00183,50,0,50,0,,0,50,b,2018,"2018-12-24 00:00:00"
BB-AY00182,100,0,100,0,,0,100,b,2018,"2018-12-24 00:00:00"
BB-AY00181,200,0,200,0,,0,200,b,2018,"2018-12-24 00:00:00"
PR-AY00838,0,0,50,0,,0,50,p,2018,"2018-12-24 00:00:00"
PR-AY00836,0,0,70,0,,0,70,p,2018,"2018-12-24 00:00:00"
BB-AY00180,60,0,60,0,,0,60,b,2018,"2018-12-24 00:00:00"
PR-AY00834,0,0,90,0,,0,90,p,2018,"2018-12-24 00:00:00"
PR-AY00832,0,0,100,0,,0,100,p,2018,"2018-12-24 00:00:00"
PR-AY00830,0,0,60,0,,0,60,p,2018,"2018-12-24 00:00:00"
BB-AY00174,30,0,30,0,,0,30,b,2018,"2018-12-24 00:00:00"
BB-AY00173,500,0,500,0,,0,500,b,2018,"2018-12-24 00:00:00"
PR-AY00828,0,0,60,0,,0,60,p,2018,"2018-12-24 00:00:00"
PR-AY00826,0,0,50,0,,0,50,p,2018,"2018-12-24 00:00:00"
PR-AY00824,0,0,30,0,,0,30,p,2018,"2018-12-24 00:00:00"
PR-AY00822,0,0,50,0,,0,50,p,2018,"2018-12-24 00:00:00"
PR-AY00820,0,0,45,0,,0,45,p,2018,"2018-12-24 00:00:00"
PR-AY00818,0,0,30,0,,0,30,p,2018,"2018-12-24 00:00:00"
PR-AY00816,0,0,100,0,,0,100,p,2018,"2018-12-24 00:00:00"
PR-AY00814,0,0,60,0,,0,60,p,2018,"2018-12-24 00:00:00"
PR-AY00812,0,0,90,0,,0,90,p,2018,"2018-12-24 00:00:00"
PR-AY00810,0,0,100,0,,0,100,p,2018,"2018-12-24 00:00:00"
PR-AY00808,0,0,90,0,,0,90,p,2018,"2018-12-24 00:00:00"
PR-AY00806,0,0,32,0,,0,32,p,2018,"2018-12-24 00:00:00"
PR-AY00804,0,0,90,0,,0,90,p,2018,"2018-12-24 00:00:00"
PR-AY00802,0,0,32,0,,0,32,p,2018,"2018-12-24 00:00:00"
PR-AY00800,0,0,32,0,,0,32,p,2018,"2018-12-24 00:00:00"
PR-AY00798,0,0,100,0,,0,100,p,2018,"2018-12-24 00:00:00"
PR-AY00796,0,0,90,0,,0,90,p,2018,"2018-12-24 00:00:00"
PR-AY00794,0,0,90,0,,0,90,p,2018,"2018-12-24 00:00:00"
PR-AY00792,0,0,32,0,,0,32,p,2018,"2018-12-24 00:00:00"
PR-AY00790,0,0,50,0,,0,50,p,2018,"2018-12-24 00:00:00"
PR-AY00788,0,0,70,0,,0,70,p,2018,"2018-12-24 00:00:00"
PR-AY00786,0,0,90,0,,0,90,p,2018,"2018-12-24 00:00:00"
BB-AY00172,500,0,500,0,,0,500,b,2018,"2018-12-21 00:00:00"
BB-AY00171,100,0,100,0,,0,100,b,2018,"2018-12-21 00:00:00"
PR-AY00784,0,0,150,0,,0,150,p,2018,"2018-12-24 00:00:00"
PR-AY00782,0,0,50,0,,0,50,p,2018,"2018-12-24 00:00:00"
BB-AY00170,50,0,50,0,,0,50,b,2018,"2018-12-21 00:00:00"
BB-AY00169,10000,0,10000,0,,0,10000,b,2018,"2018-12-21 00:00:00"
BB-AY00168,30,0,30,0,,0,30,b,2018,"2018-12-21 00:00:00"
PR-AY00780,0,0,90,0,,0,90,p,2018,"2018-12-24 00:00:00"
BB-AY00167,1000,0,1000,0,,0,1000,b,2018,"2018-12-21 00:00:00"
BB-AY00166,100,0,100,0,,0,100,b,2018,"2018-12-21 00:00:00"
BB-AY00165,80,0,80,0,,0,80,b,2018,"2018-12-21 00:00:00"
PR-AY00778,0,0,50,0,,0,50,p,2018,"2018-12-24 00:00:00"
PR-AY00776,0,0,90,0,,0,90,p,2018,"2018-12-24 00:00:00"
PR-AY00774,0,0,90,0,,0,90,p,2018,"2018-12-24 00:00:00"
PR-AY00772,0,0,90,0,,0,90,p,2018,"2018-12-24 00:00:00"
PR-AY00770,0,0,75,0,,0,75,p,2018,"2018-12-24 00:00:00"
BB-AY00164,100,0,100,0,,0,100,b,2018,"2018-12-21 00:00:00"
PR-AY00768,0,0,100,0,,0,100,p,2018,"2018-12-24 00:00:00"
BB-AY00163,100,0,100,0,,0,100,b,2018,"2018-12-21 00:00:00"
PR-AY00766,0,0,70,0,,0,70,p,2018,"2018-12-24 00:00:00"
PR-AY00764,0,0,100,0,,0,100,p,2018,"2018-12-24 00:00:00"
BB-AY00162,250,0,250,0,,0,250,b,2018,"2018-12-21 00:00:00"
BB-AY00161,100,0,100,0,,0,100,b,2018,"2018-12-21 00:00:00"
PR-AY00762,0,0,90,0,,0,90,p,2018,"2018-12-24 00:00:00"
BB-AY00160,200,0,200,0,,0,200,b,2018,"2018-12-21 00:00:00"
BB-AY00159,750,0,750,0,,0,750,b,2018,"2018-12-21 00:00:00"
PR-AY00760,0,0,90,0,,0,90,p,2018,"2018-12-24 00:00:00"
PR-AY00758,0,0,90,0,,0,90,p,2018,"2018-12-24 00:00:00"
BB-AY00158,100,0,100,0,,0,100,b,2018,"2018-12-21 00:00:00"
PR-AY00756,0,0,60,0,,0,60,p,2018,"2018-12-24 00:00:00"
BB-AY00157,200,0,200,0,,0,200,b,2018,"2018-12-21 00:00:00"
BB-AY00156,60,0,60,0,,0,60,b,2018,"2018-12-21 00:00:00"
PR-AY00754,0,0,85,0,,0,85,p,2018,"2018-12-24 00:00:00"
BB-AY00155,300,0,300,0,,0,300,b,2018,"2018-12-21 00:00:00"
PR-AY00752,0,0,90,0,,0,90,p,2018,"2018-12-24 00:00:00"
BB-AY00154,100,0,100,0,,0,100,b,2018,"2018-12-21 00:00:00"
PR-AY00750,0,0,100,0,,0,100,p,2018,"2018-12-24 00:00:00"
BB-AY00153,500,0,500,0,,0,500,b,2018,"2018-12-21 00:00:00"
PR-AY00748,0,0,90,0,,0,90,p,2018,"2018-12-24 00:00:00"
BB-AY00151,50,0,50,0,,0,50,b,2018,"2018-12-21 00:00:00"
BB-AY00150,3750,0,3750,0,,0,3750,b,2018,"2018-12-21 00:00:00"
PR-AY00746,0,0,90,0,,0,90,p,2018,"2018-12-24 00:00:00"
BB-AY00149,300,0,300,0,,0,300,b,2018,"2018-12-21 00:00:00"
PR-AY00744,0,0,30,0,,0,30,p,2018,"2018-12-24 00:00:00"
PR-AY00742,0,0,90,0,,0,90,p,2018,"2018-12-24 00:00:00"
PR-AY00740,0,0,100,0,,0,100,p,2018,"2018-12-24 00:00:00"
PR-AY00738,0,0,75,0,,0,75,p,2018,"2018-12-24 00:00:00"
BB-AY00148,50,0,50,0,,0,50,b,2018,"2018-12-21 00:00:00"
BB-AY00147,100,0,100,0,,0,100,b,2018,"2018-12-21 00:00:00"
PR-AY00736,0,0,60,0,,0,60,p,2018,"2018-12-24 00:00:00"
PR-AY00734,0,0,100,0,,0,100,p,2018,"2018-12-24 00:00:00"
PR-AY00732,0,0,90,0,,0,90,p,2018,"2018-12-24 00:00:00"
BB-AY00146,50,0,50,0,,0,50,b,2018,"2018-12-21 00:00:00"
BB-AY00145,100,0,100,0,,0,100,b,2018,"2018-12-21 00:00:00"
PR-AY00730,0,0,60,0,,0,60,p,2018,"2018-12-24 00:00:00"
PR-AY00728,0,0,90,0,,0,90,p,2018,"2018-12-24 00:00:00"
PR-AY00726,0,0,50,0,,0,50,p,2018,"2018-12-24 00:00:00"
PR-AY00724,0,0,60,0,,0,60,p,2018,"2018-12-24 00:00:00"
PR-AY00722,0,0,90,0,,0,90,p,2018,"2018-12-24 00:00:00"
PR-AY00720,0,0,90,0,,0,90,p,2018,"2018-12-24 00:00:00"
PR-AY00718,0,0,60,0,,0,60,p,2018,"2018-12-24 00:00:00"
PR-AY00290,0,0,50,0,,0,50,p,2018,"2018-12-24 00:00:00"
PR-AY00288,0,0,50,0,,0,50,p,2018,"2018-12-24 00:00:00"
PR-AY00716,0,0,90,0,,0,90,p,2018,"2018-12-24 00:00:00"
PR-AY00714,0,0,90,0,,0,90,p,2018,"2018-12-24 00:00:00"
BB-AY00144,50,0,50,0,,0,50,b,2018,"2018-12-20 00:00:00"
BB-AY00143,100,0,100,0,,0,100,b,2018,"2018-12-20 00:00:00"
BB-AY00142,3750,0,3750,0,,0,3750,b,2018,"2018-12-20 00:00:00"
PR-AY00712,0,0,90,0,,0,90,p,2018,"2018-12-24 00:00:00"
PR-AY00710,0,0,75,0,,0,75,p,2018,"2018-12-24 00:00:00"
BB-AY00141,400,0,400,0,,0,400,b,2018,"2018-12-20 00:00:00"
BB-AY00140,500,0,500,0,,0,500,b,2018,"2018-12-20 00:00:00"
PR-AY00708,0,0,90,0,,0,90,p,2018,"2018-12-24 00:00:00"
BB-AY00139,50,0,50,0,,0,50,b,2018,"2018-12-20 00:00:00"
PR-AY00706,0,0,90,0,,0,90,p,2018,"2018-12-24 00:00:00"
BB-AY00138,100,0,100,0,,0,100,b,2018,"2018-12-20 00:00:00"
PR-AY00704,0,0,50,0,,0,50,p,2018,"2018-12-24 00:00:00"
BB-AY00137,50,0,50,0,,0,50,b,2018,"2018-12-20 00:00:00"
BB-AY00136,50,0,50,0,,0,50,b,2018,"2018-12-20 00:00:00"
BB-AY00135,50,0,50,0,,0,50,b,2018,"2018-12-20 00:00:00"
BB-AY00134,50,0,50,0,,0,50,b,2018,"2018-12-20 00:00:00"
BB-AY00133,200,0,200,0,,0,200,b,2018,"2018-12-20 00:00:00"
BB-AY00132,200,0,200,0,,0,200,b,2018,"2018-12-20 00:00:00"
BB-AY00131,200,0,200,0,,0,200,b,2018,"2018-12-20 00:00:00"
BB-AY00130,30,0,30,0,,0,30,b,2018,"2018-12-20 00:00:00"
BB-AY00129,50,0,50,0,,0,50,b,2018,"2018-12-20 00:00:00"
BB-AY00128,50,0,50,0,,0,50,b,2018,"2018-12-20 00:00:00"
PR-AY00702,0,0,32,0,,0,32,p,2018,"2018-12-24 00:00:00"
PR-AY00700,0,0,60,0,,0,60,p,2018,"2018-12-24 00:00:00"
BB-AY00127,60,0,60,0,,0,60,b,2018,"2018-12-20 00:00:00"
BB-AY00126,60,0,60,0,,0,60,b,2018,"2018-12-20 00:00:00"
PR-AY00698,0,0,70,0,,0,70,p,2018,"2018-12-24 00:00:00"
BB-AY00125,200,0,200,0,,0,200,b,2018,"2018-12-20 00:00:00"
BB-AY00124,300,0,300,0,,0,300,b,2018,"2018-12-20 00:00:00"
BB-AY00123,100,0,100,0,,0,100,b,2018,"2018-12-20 00:00:00"
PR-AY00696,0,0,100,0,,0,100,p,2018,"2018-12-24 00:00:00"
BB-AY00122,60,0,60,0,,0,60,b,2018,"2018-12-20 00:00:00"
BB-AY00121,50,0,50,0,,0,50,b,2018,"2018-12-20 00:00:00"
BB-AY00120,200,0,200,0,,0,200,b,2018,"2018-12-20 00:00:00"
BB-AY00119,800,0,800,0,,0,800,b,2018,"2018-12-20 00:00:00"
PR-AY00694,0,0,32,0,,0,32,p,2018,"2018-12-24 00:00:00"
PR-AY00692,0,0,70,0,,0,70,p,2018,"2018-12-24 00:00:00"
PR-AY00690,0,0,70,0,,0,70,p,2018,"2018-12-24 00:00:00"
PR-AY00688,0,0,50,0,,0,50,p,2018,"2018-12-24 00:00:00"
PR-AY00686,0,0,50,0,,0,50,p,2018,"2018-12-24 00:00:00"
BB-AY00118,50,0,50,0,,0,50,b,2018,"2018-12-20 00:00:00"
PR-AY00684,0,0,50,0,,0,50,p,2018,"2018-12-24 00:00:00"
BB-AY00117,200,0,200,0,,0,200,b,2018,"2018-12-20 00:00:00"
BB-AY00116,50,0,50,0,,0,50,b,2018,"2018-12-20 00:00:00"
BB-AY00115,500,0,500,0,,0,500,b,2018,"2018-12-20 00:00:00"
BB-AY00114,50,0,50,0,,0,50,b,2018,"2018-12-20 00:00:00"
PR-AY00682,0,0,60,0,,0,60,p,2018,"2018-12-24 00:00:00"
PR-AY00680,0,0,60,0,,0,60,p,2018,"2018-12-24 00:00:00"
PR-AY00678,0,0,70,0,,0,70,p,2018,"2018-12-24 00:00:00"
PR-AY00676,0,0,50,0,,0,50,p,2018,"2018-12-24 00:00:00"
PR-AY00674,0,0,90,0,,0,90,p,2018,"2018-12-24 00:00:00"
BB-AY00113,625,0,625,0,,0,625,b,2018,"2018-12-20 00:00:00"
PR-AY00672,0,0,150,0,,0,150,p,2018,"2018-12-24 00:00:00"
PR-AY00670,0.0025,0,200,0,,0,200,p,2018,"2018-12-24 00:00:00"
BB-AY00112,200,0,200,0,,0,200,b,2018,"2018-12-20 00:00:00"
BB-AY00111,200,0,200,0,,0,200,b,2018,"2018-12-20 00:00:00"
BB-AY00109,100,0,100,0,,0,100,b,2018,"2018-12-20 00:00:00"
PR-AY00668,0,0,90,0,,0,90,p,2018,"2018-12-24 00:00:00"
PR-AY00666,0,0,90,0,,0,90,p,2018,"2018-12-24 00:00:00"
PR-AY00664,0,0,60,0,,0,60,p,2018,"2018-12-24 00:00:00"
PR-AY00662,0,0,90,0,,0,90,p,2018,"2018-12-24 00:00:00"
PR-AY00660,0,0,60,0,,0,60,p,2018,"2018-12-24 00:00:00"
PR-AY00658,0,0,90,0,,0,90,p,2018,"2018-12-24 00:00:00"
BB-AY00108,200,0,200,0,,0,200,b,2018,"2018-12-20 00:00:00"
PR-AY00656,0,0,50,0,,0,50,p,2018,"2018-12-24 00:00:00"
PR-AY00654,0,0,75,0,,0,75,p,2018,"2018-12-24 00:00:00"
PR-AY00652,0,0,50,0,,0,50,p,2018,"2018-12-24 00:00:00"
PR-AY00650,0,0,85,0,,0,85,p,2018,"2018-12-24 00:00:00"
PR-OMA00648,0,0,50,0,,0,50,p,2018,"2018-12-24 00:00:00"
PR-AY00646,0,0,50,0,,0,50,p,2018,"2018-12-24 00:00:00"
PR-AY00644,0,0,30,0,,0,30,p,2018,"2018-12-24 00:00:00"
PR-AY00642,0,0,85,0,,0,85,p,2018,"2018-12-24 00:00:00"
PR-AY00640,0,0,90,0,,0,90,p,2018,"2018-12-24 00:00:00"
PR-AY00638,0,0,90,0,,0,90,p,2018,"2018-12-24 00:00:00"
PR-AY00636,0,0,60,0,,0,60,p,2018,"2018-12-24 00:00:00"
PR-AY00634,0.0025,0,200,0,,0,200,p,2018,"2018-12-24 00:00:00"
PR-OMA00632,0,0,70,0,,0,70,p,2018,"2018-12-24 00:00:00"
PR-AY00630,0,0,90,0,,0,90,p,2018,"2018-12-24 00:00:00"
PR-AY00626,0,0,90,0,,0,90,p,2018,"2018-12-24 00:00:00"
PR-AY00624,0,0,90,0,,0,90,p,2018,"2018-12-24 00:00:00"
PR-AY00622,0,0,75,0,,0,75,p,2018,"2018-12-24 00:00:00"
PR-AY00620,0,0,100,0,,0,100,p,2018,"2018-12-24 00:00:00"
BB-AY00106,1000,0,1000,0,,0,1000,b,2018,"2018-12-18 00:00:00"
PR-AY00618,0,0,150,0,,0,150,p,2018,"2018-12-24 00:00:00"
PR-AY00616,0,0,75,0,,0,75,p,2018,"2018-12-24 00:00:00"
BB-AY00105,300,0,300,0,,0,300,b,2018,"2018-12-17 00:00:00"
PR-AY00614,0,0,90,0,,0,90,p,2018,"2018-12-24 00:00:00"
PR-AY00612,0,0,90,0,,0,90,p,2018,"2018-12-24 00:00:00"
PR-AY00610,0,0,100,0,,0,100,p,2018,"2018-12-24 00:00:00"
PR-AY00608,0,0,90,0,,0,90,p,2018,"2018-12-24 00:00:00"
PR-AY00606,0.0025,0,200,0,,0,200,p,2018,"2018-12-24 00:00:00"
PR-AY00604,0,0,90,0,,0,90,p,2018,"2018-12-24 00:00:00"
PR-OMA00602,0,0,90,0,,0,90,p,2018,"2018-12-24 00:00:00"
PR-AY00600,0,0,90,0,,0,90,p,2018,"2018-12-24 00:00:00"
PR-AY00598,0,0,90,0,,0,90,p,2018,"2018-12-24 00:00:00"
PR-AY00596,0,0,70,0,,0,70,p,2018,"2018-12-24 00:00:00"
PR-AY00594,0,0,90,0,,0,90,p,2018,"2018-12-24 00:00:00"
PR-AY00592,0,0,72,0,,0,72,p,2018,"2018-12-24 00:00:00"
PR-AY00590,0,0,90,0,,0,90,p,2018,"2018-12-24 00:00:00"
PR-AY00588,0.0025,0,200,0,,0,200,p,2018,"2018-12-24 00:00:00"
PR-OMA00586,0,0,90,0,,0,90,p,2018,"2018-12-24 00:00:00"
PR-AY00584,0,0,90,0,,0,90,p,2018,"2018-12-24 00:00:00"
PR-OMA00582,0,0,90,0,,0,90,p,2018,"2018-12-24 00:00:00"
PR-AY00580,0,0,75,0,,0,75,p,2018,"2018-12-24 00:00:00"
PR-AY00578,0,0,100,0,,0,100,p,2018,"2018-12-24 00:00:00"
PR-AY00576,0,0,90,0,,0,90,p,2018,"2018-12-24 00:00:00"
PR-AY00574,0,0,60,0,,0,60,p,2018,"2018-12-24 00:00:00"
PR-AY00572,0,0,70,0,,0,70,p,2018,"2018-12-24 00:00:00"
PR-AY00570,0,0,90,0,,0,90,p,2018,"2018-12-24 00:00:00"
PR-AY00568,0,0,90,0,,0,90,p,2018,"2018-12-24 00:00:00"
PR-AY00566,0,0,90,0,,0,90,p,2018,"2018-12-24 00:00:00"
BB-OF00104,50,0,50,0,,0,50,b,2018,"2018-12-13 00:00:00"
PR-AY00564,0,0,90,0,,0,90,p,2018,"2018-12-24 00:00:00"
PR-AY00562,0.0025,0,200,0,,0,200,p,2018,"2018-12-24 00:00:00"
PR-AY00560,0,0,90,0,,0,90,p,2018,"2018-12-24 00:00:00"
PR-AY00558,0,0,90,0,,0,90,p,2018,"2018-12-24 00:00:00"
PR-OF00556,0,0,90,0,,0,90,p,2018,"2018-12-24 00:00:00"
PR-AY00554,0,0,150,0,,0,150,p,2018,"2018-12-24 00:00:00"
PR-OF00552,0,0,90,0,,0,90,p,2018,"2018-12-24 00:00:00"
PR-AY00550,0,0,90,0,,0,90,p,2018,"2018-12-24 00:00:00"
PR-AY00548,0,0,90,0,,0,90,p,2018,"2018-12-24 00:00:00"
BB-AY00103,500,0,500,0,,0,500,b,2018,"2018-12-13 00:00:00"
PR-AY00546,0.0025,0,200,0,,0,200,p,2018,"2018-12-24 00:00:00"
PR-AY00544,0,0,90,0,,0,90,p,2018,"2018-12-24 00:00:00"
PR-AY00542,0,0,90,0,,0,90,p,2018,"2018-12-24 00:00:00"
PR-AY00540,0,0,100,0,,0,100,p,2018,"2018-12-24 00:00:00"
PR-AY00538,0,0,100,0,,0,100,p,2018,"2018-12-24 00:00:00"
PR-AY00536,0,0,90,0,,0,90,p,2018,"2018-12-24 00:00:00"
PR-AY00534,0,0,90,0,,0,90,p,2018,"2018-12-24 00:00:00"
PR-AY00532,0,0,90,0,,0,90,p,2018,"2018-12-24 00:00:00"
PR-OMA00530,0,0,100,0,,0,100,p,2018,"2018-12-24 00:00:00"
PR-AY00528,0,0,100,0,,0,100,p,2018,"2018-12-24 00:00:00"
PR-OMA00526,0,0,90,0,,0,90,p,2018,"2018-12-24 00:00:00"
PR-AY00524,0,0,90,0,,0,90,p,2018,"2018-12-24 00:00:00"
PR-AY00522,0,0,90,0,,0,90,p,2018,"2018-12-24 00:00:00"
PR-AY00520,0,0,90,0,,0,90,p,2018,"2018-12-24 00:00:00"
PR-AY00518,0,0,90,0,,0,90,p,2018,"2018-12-24 00:00:00"
PR-AY00516,0,0,70,0,,0,70,p,2018,"2018-12-24 00:00:00"
PR-AY00514,0,0,90,0,,0,90,p,2018,"2018-12-24 00:00:00"
PR-AY00512,0,0,60,0,,0,60,p,2018,"2018-12-24 00:00:00"
PR-AY00510,0,0,100,0,,0,100,p,2018,"2018-12-24 00:00:00"
PR-AY00508,0,0,90,0,,0,90,p,2018,"2018-12-24 00:00:00"
PR-AY00506,0,0,60,0,,0,60,p,2018,"2018-12-24 00:00:00"
PR-AY00504,0,0,90,0,,0,90,p,2018,"2018-12-24 00:00:00"
PR-AY00502,0,0,90,0,,0,90,p,2018,"2018-12-24 00:00:00"
PR-AY00500,0,0,100,0,,0,100,p,2018,"2018-12-24 00:00:00"
PR-AY00498,0,0,90,0,,0,90,p,2018,"2018-12-24 00:00:00"
PR-AY00496,0,0,90,0,,0,90,p,2018,"2018-12-24 00:00:00"
PR-AY00494,0,0,90,0,,0,90,p,2018,"2018-12-24 00:00:00"
PR-AY00492,0,0,90,0,,0,90,p,2018,"2018-12-24 00:00:00"
PR-AY00490,0,0,90,0,,0,90,p,2018,"2018-12-24 00:00:00"
PR-AY00488,0,0,75,0,,0,75,p,2018,"2018-12-24 00:00:00"
PR-AY00486,0,0,90,0,,0,90,p,2018,"2018-12-24 00:00:00"
PR-AY00484,0,0,90,0,,0,90,p,2018,"2018-12-24 00:00:00"
BB-AY00100,50,0,50,0,,0,50,b,2018,"2018-12-11 00:00:00"
PR-AY00482,0,0,75,0,,0,75,p,2018,"2018-12-24 00:00:00"
BB-AY00099,300,0,300,0,,0,300,b,2018,"2018-12-11 00:00:00"
PR-AY00480,0,0,75,0,,0,75,p,2018,"2018-12-24 00:00:00"
PR-OMA00478,0,0,90,0,,0,90,p,2018,"2018-12-24 00:00:00"
PR-AY00476,0,0,75,0,,0,75,p,2018,"2018-12-24 00:00:00"
PR-AY00474,0,0,90,0,,0,90,p,2018,"2018-12-24 00:00:00"
BB-AY00098,50,0,50,0,,0,50,b,2018,"2018-12-11 00:00:00"
PR-OMA00472,0,0,90,0,,0,90,p,2018,"2018-12-24 00:00:00"
PR-AY00470,0,0,150,0,,0,150,p,2018,"2018-12-24 00:00:00"
PR-AY00468,0,0,90,0,,0,90,p,2018,"2018-12-24 00:00:00"
PR-AY00466,0,0,90,0,,0,90,p,2018,"2018-12-24 00:00:00"
PR-AY00464,0,0,90,0,,0,90,p,2018,"2018-12-24 00:00:00"
PR-AY00462,0,0,400,0,,0,400,p,2018,"2018-12-24 00:00:00"
PR-AY00460,0,0,90,0,,0,90,p,2018,"2018-12-24 00:00:00"
PR-AY00458,0,0,70,0,,0,70,p,2018,"2018-12-24 00:00:00"
PR-AY00456,0,0,90,0,,0,90,p,2018,"2018-12-24 00:00:00"
PR-AY00454,0,0,90,0,,0,90,p,2018,"2018-12-24 00:00:00"
PR-AY00452,0,0,90,0,,0,90,p,2018,"2018-12-24 00:00:00"
PR-AY00450,0,0,45,0,,0,45,p,2018,"2018-12-24 00:00:00"
PR-AY00448,0,0,90,0,,0,90,p,2018,"2018-12-24 00:00:00"
BB-AY00097,50,0,50,0,,0,50,b,2018,"2018-12-10 00:00:00"
PR-AY00446,0,0,100,0,,0,100,p,2018,"2018-12-24 00:00:00"
PR-AY00444,0.0025,0,200,0,,0,200,p,2018,"2018-12-24 00:00:00"
PR-AY00442,0,0,90,0,,0,90,p,2018,"2018-12-24 00:00:00"
PR-AY00440,0,0,90,0,,0,90,p,2018,"2018-12-24 00:00:00"
PR-AY00438,0,0,90,0,,0,90,p,2018,"2018-12-24 00:00:00"
PR-AY00436,0,0,100,0,,0,100,p,2018,"2018-12-24 00:00:00"
PR-OF00434,0,0,90,0,,0,90,p,2018,"2018-12-24 00:00:00"
BB-AY00096,300,0,300,0,,0,300,b,2018,"2018-12-10 00:00:00"
PR-AY00432,0,0,100,0,,0,100,p,2018,"2018-12-24 00:00:00"
BB-OMA00095,200,0,200,0,,0,200,b,2018,"2018-12-10 00:00:00"
PR-OF00430,0,0,90,0,,0,90,p,2018,"2018-12-24 00:00:00"
BB-AY00094,50,0,50,0,,0,50,b,2018,"2018-12-10 00:00:00"
PR-OF00428,0,0,150,0,,0,150,p,2018,"2018-12-24 00:00:00"
PR-OF00426,0,0,90,0,,0,90,p,2018,"2018-12-24 00:00:00"
PR-AY00424,0,0,90,0,,0,90,p,2018,"2018-12-24 00:00:00"
PR-OF00422,0,0,90,0,,0,90,p,2018,"2018-12-24 00:00:00"
PR-AY00420,0,0,70,0,,0,70,p,2018,"2018-12-24 00:00:00"
BB-AY00093,100,0,100,0,,0,100,b,2018,"2018-12-10 00:00:00"
PR-AY00418,0,0,70,0,,0,70,p,2018,"2018-12-24 00:00:00"
PR-OF00416,0,0,90,0,,0,90,p,2018,"2018-12-24 00:00:00"
PR-AY00414,0,0,90,0,,0,90,p,2018,"2018-12-24 00:00:00"
PR-AY00412,0,0,100,0,,0,100,p,2018,"2018-12-24 00:00:00"
PR-AY00410,0,0,90,0,,0,90,p,2018,"2018-12-24 00:00:00"
BB-AY00092,50,0,50,0,,0,50,b,2018,"2018-12-10 00:00:00"
PR-AY00408,0,0,90,0,,0,90,p,2018,"2018-12-24 00:00:00"
PR-AY00406,0,0,90,0,,0,90,p,2018,"2018-12-24 00:00:00"
BB-AY00091,300,0,300,0,,0,300,b,2018,"2018-12-10 00:00:00"
PR-AY00404,0,0,100,0,,0,100,p,2018,"2018-12-24 00:00:00"
PR-AY00402,0,0,90,0,,0,90,p,2018,"2018-12-24 00:00:00"
PR-AY00400,0,0,70,0,,0,70,p,2018,"2018-12-24 00:00:00"
BB-AY00090,50,0,50,0,,0,50,b,2018,"2018-12-10 00:00:00"
PR-AY00398,0,0,90,0,,0,90,p,2018,"2018-12-24 00:00:00"
PR-AY00396,0,0,70,0,,0,70,p,2018,"2018-12-24 00:00:00"
PR-AY00394,0,0,75,0,,0,75,p,2018,"2018-12-24 00:00:00"
PR-AY00392,0,0,90,0,,0,90,p,2018,"2018-12-24 00:00:00"
PR-AY00390,0,0,90,0,,0,90,p,2018,"2018-12-24 00:00:00"
PR-AY00388,0,0,90,0,,0,90,p,2018,"2018-12-24 00:00:00"
PR-AY00386,0,0,90,0,,0,90,p,2018,"2018-12-24 00:00:00"
PR-AY00382,0,0,100,0,,0,100,p,2018,"2018-12-24 00:00:00"
PR-AY00380,0,0,90,0,,0,90,p,2018,"2018-12-24 00:00:00"
PR-AY00378,0,0,90,0,,0,90,p,2018,"2018-12-24 00:00:00"
PR-AY00376,0,0,150,0,,0,150,p,2018,"2018-12-24 00:00:00"
PR-AY00374,0,0,60,0,,0,60,p,2018,"2018-12-24 00:00:00"
PR-AY00372,0.0025,0,200,0,,0,200,p,2018,"2018-12-24 00:00:00"
PR-AY00370,0,0,400,0,,0,400,p,2018,"2018-12-24 00:00:00"
PR-AY00368,0,0,75,0,,0,75,p,2018,"2018-12-24 00:00:00"
PR-OF00366,0.0025,0,200,0,,0,200,p,2018,"2018-12-24 00:00:00"
PR-OF00364,0.0025,0,200,0,,0,200,p,2018,"2018-12-24 00:00:00"
PR-OF00362,0,0,100,0,,0,100,p,2018,"2018-12-24 00:00:00"
PR-OMA00360,0,0,90,0,,0,90,p,2018,"2018-12-24 00:00:00"
PR-OMA00358,0,0,100,0,,0,100,p,2018,"2018-12-24 00:00:00"
PR-OMA00356,0,0,90,0,,0,90,p,2018,"2018-12-24 00:00:00"
PR-AY00354,0,0,60,0,,0,60,p,2018,"2018-12-24 00:00:00"
PR-AY00352,0,0,90,0,,0,90,p,2018,"2018-12-24 00:00:00"
PR-OF00350,0,0,90,0,,0,90,p,2018,"2018-12-24 00:00:00"
PR-AY00348,0,0,75,0,,0,75,p,2018,"2018-12-24 00:00:00"
PR-AY00346,0,0,75,0,,0,75,p,2018,"2018-12-24 00:00:00"
PR-AY00344,0,0,90,0,,0,90,p,2018,"2018-12-24 00:00:00"
PR-AY00342,0,0,70,0,,0,70,p,2018,"2018-12-24 00:00:00"
BB-AY00089,50,0,50,0,,0,50,b,2018,"2018-12-06 00:00:00"
PR-AY00340,0,0,60,0,,0,60,p,2018,"2018-12-24 00:00:00"
PR-AY00338,0,0,75,0,,0,75,p,2018,"2018-12-24 00:00:00"
PR-AY00336,0,0,90,0,,0,90,p,2018,"2018-12-24 00:00:00"
PR-AY00334,0,0,75,0,,0,75,p,2018,"2018-12-24 00:00:00"
PR-AY00332,0,0,85,0,,0,85,p,2018,"2018-12-24 00:00:00"
PR-AY00330,0,0,90,0,,0,90,p,2018,"2018-12-24 00:00:00"
PR-AY00328,0,0,90,0,,0,90,p,2018,"2018-12-24 00:00:00"
PR-AY00326,0,0,70,0,,0,70,p,2018,"2018-12-24 00:00:00"
PR-AY00324,0,0,90,0,,0,90,p,2018,"2018-12-24 00:00:00"
PR-AY00322,0,0,90,0,,0,90,p,2018,"2018-12-24 00:00:00"
PR-AY00320,0,0,100,0,,0,100,p,2018,"2018-12-24 00:00:00"
PR-AY00318,0,0,100,0,,0,100,p,2018,"2018-12-24 00:00:00"
PR-AY00316,0,0,75,0,,0,75,p,2018,"2018-12-24 00:00:00"
PR-AY00314,0,0,85,0,,0,85,p,2018,"2018-12-24 00:00:00"
PR-AY00312,0,0,85,0,,0,85,p,2018,"2018-12-24 00:00:00"
PR-AY00310,0,0,150,0,,0,150,p,2018,"2018-12-24 00:00:00"
PR-AY00308,0,0,90,0,,0,90,p,2018,"2018-12-24 00:00:00"
PR-AY00304,0.0025,0,200,0,,0,200,p,2018,"2018-12-24 00:00:00"
PR-AY00300,0,0,90,0,,0,90,p,2018,"2018-12-24 00:00:00"
BB-AY00086,60,0,60,0,,0,60,b,2018,"2018-12-06 00:00:00"
PR-AY00298,0,0,100,0,,0,100,p,2018,"2018-12-24 00:00:00"
PR-AY00296,0,0,50,0,,0,50,p,2018,"2018-12-24 00:00:00"
PR-AY00284,0,0,90,0,,0,90,p,2018,"2018-12-24 00:00:00"
PR-AY00282,0,0,90,0,,0,90,p,2018,"2018-12-24 00:00:00"
PR-AY00280,0,0,100,0,,0,100,p,2018,"2018-12-24 00:00:00"
BB-OMA00085,1000,0,1000,0,,0,1000,b,2018,"2018-12-05 00:00:00"
PR-OF00276,0,0,70,0,,0,70,p,2018,"2018-12-24 00:00:00"
PR-OF00274,0,0,70,0,,0,70,p,2018,"2018-12-24 00:00:00"
BB-OMA00084,50,0,50,0,,0,50,b,2018,"2018-12-05 00:00:00"
PR-OF00272,0,0,100,0,,0,100,p,2018,"2018-12-24 00:00:00"
PR-OF00270,0,0,500,0,,0,500,p,2018,"2018-12-24 00:00:00"
PR-AY00268,0,0,60,0,,0,60,p,2018,"2018-12-24 00:00:00"
PR-OF00266,0,0,90,0,,0,90,p,2018,"2018-12-24 00:00:00"
PR-AY00264,0,0,70,0,,0,70,p,2018,"2018-12-24 00:00:00"
PR-OF00262,0,0,90,0,,0,90,p,2018,"2018-12-24 00:00:00"
PR-AY00260,0,0,90,0,,0,90,p,2018,"2018-12-24 00:00:00"
BB-AY00083,4000,0,4000,0,,0,4000,b,2018,"2018-12-05 00:00:00"
PR-OF00258,0,0,90,0,,0,90,p,2018,"2018-12-24 00:00:00"
BB-AY00082,120,0,120,0,,0,120,b,2018,"2018-12-05 00:00:00"
BB-OF00081,50,0,50,0,,0,50,b,2018,"2018-12-05 00:00:00"
PR-AY00256,0,0,75,0,,0,75,p,2018,"2018-12-24 00:00:00"
PR-OMA00254,0,0,90,0,,0,90,p,2018,"2018-12-24 00:00:00"
PR-OF00252,0,0,90,0,,0,90,p,2018,"2018-12-24 00:00:00"
BB-AY00078,30,0,30,0,,0,30,b,2018,"2018-12-05 00:00:00"
PR-OMA00250,0,0,90,0,,0,90,p,2018,"2018-12-24 00:00:00"
BB-AY00077,625,0,625,0,,0,625,b,2018,"2018-12-05 00:00:00"
PR-AY00248,0,0,60,0,,0,60,p,2018,"2018-12-24 00:00:00"
PR-OF00246,0,0,70,0,,0,70,p,2018,"2018-12-24 00:00:00"
PR-AY00244,0,0,100,0,,0,100,p,2018,"2018-12-24 00:00:00"
PR-OF00242,0,0,70,0,,0,70,p,2018,"2018-12-24 00:00:00"
PR-AY00240,0,0,90,0,,0,90,p,2018,"2018-12-24 00:00:00"
BB-AY00076,50,0,50,0,,0,50,b,2018,"2018-12-05 00:00:00"
BB-AY00075,400,0,400,0,,0,400,b,2018,"2018-12-05 00:00:00"
PR-OF00238,0,0,100,0,,0,100,p,2018,"2018-12-24 00:00:00"
PR-OF00236,0,0,90,0,,0,90,p,2018,"2018-12-24 00:00:00"
PR-AY00234,0,0,100,0,,0,100,p,2018,"2018-12-24 00:00:00"
PR-BM00230,0,0,90,0,,0,90,p,2018,"2018-12-24 00:00:00"
PR-AY00228,0,0,90,0,,0,90,p,2018,"2018-12-24 00:00:00"
PR-AY00226,0,0,70,0,,0,70,p,2018,"2018-12-24 00:00:00"
PR-OMA00224,0,0,60,0,,0,60,p,2018,"2018-12-24 00:00:00"
PR-OMA00222,0,0,90,0,,0,90,p,2018,"2018-12-24 00:00:00"
PR-AY00220,0,0,85,0,,0,85,p,2018,"2018-12-24 00:00:00"
PR-AY00218,0,0,75,0,,0,75,p,2018,"2018-12-24 00:00:00"
PR-AY00216,0,0,50,0,,0,50,p,2018,"2018-12-24 00:00:00"
BB-OF00074,500,0,500,0,,0,500,b,2018,"2018-12-05 00:00:00"
PR-OF00214,0,0,90,0,,0,90,p,2018,"2018-12-24 00:00:00"
PR-AY00212,0,0,75,0,,0,75,p,2018,"2018-12-24 00:00:00"
PR-AY00210,0,0,90,0,,0,90,p,2018,"2018-12-24 00:00:00"
PR-OF00208,0,0,90,0,,0,90,p,2018,"2018-12-24 00:00:00"
PR-AY00206,0,0,90,0,,0,90,p,2018,"2018-12-24 00:00:00"
PR-AY00204,0,0,60,0,,0,60,p,2018,"2018-12-24 00:00:00"
PR-OMA00202,0,0,90,0,,0,90,p,2018,"2018-12-24 00:00:00"
PR-AY00200,0,0,75,0,,0,75,p,2018,"2018-12-24 00:00:00"
PR-AY00198,0,0,70,0,,0,70,p,2018,"2018-12-24 00:00:00"
PR-AY00196,0,0,100,0,,0,100,p,2018,"2018-12-24 00:00:00"
PR-AY00194,0,0,70,0,,0,70,p,2018,"2018-12-24 00:00:00"
PR-AY00192,0,0,150,0,,0,150,p,2018,"2018-12-24 00:00:00"
PR-AY00190,0,0,90,0,,0,90,p,2018,"2018-12-24 00:00:00"
PR-AY00188,0,0,90,0,,0,90,p,2018,"2018-12-24 00:00:00"
BB-AY00068,300,0,300,0,,0,300,b,2018,"2018-12-05 00:00:00"
PR-AY00186,0,0,90,0,,0,90,p,2018,"2018-12-24 00:00:00"
PR-AY00184,0,0,70,0,,0,70,p,2018,"2018-12-24 00:00:00"
PR-AY00182,0,0,90,0,,0,90,p,2018,"2018-12-24 00:00:00"
PR-AY00180,0,0,70,0,,0,70,p,2018,"2018-12-24 00:00:00"
PR-AY00178,0,0,90,0,,0,90,p,2018,"2018-12-24 00:00:00"
BB-OF00067,200,0,200,0,,0,200,b,2018,"2018-12-05 00:00:00"
BB-AY00066,300,0,300,0,,0,300,b,2018,"2018-12-05 00:00:00"
PR-AY00176,0,0,70,0,,0,70,p,2018,"2018-12-24 00:00:00"
PR-AY00174,0,0,90,0,,0,90,p,2018,"2018-12-24 00:00:00"
BB-AY00065,500,0,500,0,,0,500,b,2018,"2018-12-05 00:00:00"
BB-AY00064,300,0,300,0,,0,300,b,2018,"2018-12-05 00:00:00"
BB-AY00063,100,0,100,0,,0,100,b,2018,"2018-12-05 00:00:00"
PR-AY00172,0,0,90,0,,0,90,p,2018,"2018-12-24 00:00:00"
PR-OMA00170,0,0,100,0,,0,100,p,2018,"2018-12-24 00:00:00"
PR-AY00168,0,0,90,0,,0,90,p,2018,"2018-12-24 00:00:00"
BB-AY00062,150,0,150,0,,0,150,b,2018,"2018-12-05 00:00:00"
PR-AY00164,0,0,70,0,,0,70,p,2018,"2018-12-24 00:00:00"
PR-AY00162,0,0,70,0,,0,70,p,2018,"2018-12-24 00:00:00"
PR-OMA00160,0,0,90,0,,0,90,p,2018,"2018-12-24 00:00:00"
PR-AY00158,0,0,70,0,,0,70,p,2018,"2018-12-24 00:00:00"
PR-AY00156,0,0,70,0,,0,70,p,2018,"2018-12-24 00:00:00"
PR-AY00154,0,0,70,0,,0,70,p,2018,"2018-12-24 00:00:00"
PR-AY00152,0,0,90,0,,0,90,p,2018,"2018-12-24 00:00:00"
PR-OF00150,0,0,70,0,,0,70,p,2018,"2018-12-24 00:00:00"
PR-AY00148,0,0,90,0,,0,90,p,2018,"2018-12-24 00:00:00"
BB-AY00060,300,0,300,0,,0,300,b,2018,"2018-12-05 00:00:00"
PR-AY00146,0,0,100,0,,0,100,p,2018,"2018-12-24 00:00:00"
PR-AY00144,0,0,90,0,,0,90,p,2018,"2018-12-24 00:00:00"
PR-AY00142,0,0,90,0,,0,90,p,2018,"2018-12-24 00:00:00"
PR-AY00140,0,0,52,0,,0,52,p,2018,"2018-12-24 00:00:00"
PR-AY00138,0,0,90,0,,0,90,p,2018,"2018-12-24 00:00:00"
PR-AY00136,0,0,90,0,,0,90,p,2018,"2018-12-24 00:00:00"
PR-AY00134,0,0,70,0,,0,70,p,2018,"2018-12-24 00:00:00"
PR-AY00132,0,0,100,0,,0,100,p,2018,"2018-12-24 00:00:00"
BB-OF00058,200,0,200,0,,0,200,b,2018,"2018-12-04 00:00:00"
PR-OF00130,0,0,90,0,,0,90,p,2018,"2018-12-24 00:00:00"
PR-OF00128,0,0,90,0,,0,90,p,2018,"2018-12-24 00:00:00"
PR-OF00126,0,0,70,0,,0,70,p,2018,"2018-12-24 00:00:00"
PR-OF00124,0,0,70,0,,0,70,p,2018,"2018-12-24 00:00:00"
BB-OF00057,100,0,100,0,,0,100,b,2018,"2018-12-04 00:00:00"
PR-OF00122,0,0,100,0,,0,100,p,2018,"2018-12-24 00:00:00"
PR-OMA00120,0,0,100,0,,0,100,p,2018,"2018-12-24 00:00:00"
BB-OF00056,50,0,50,0,,0,50,b,2018,"2018-12-04 00:00:00"
BB-OMA00055,30,0,30,0,,0,30,b,2018,"2018-12-04 00:00:00"
PR-OF00118,0,0,90,0,,0,90,p,2018,"2018-12-24 00:00:00"
BB-OMA00054,100,0,100,0,,0,100,b,2018,"2018-12-04 00:00:00"
PR-OMA00116,0,0,90,0,,0,90,p,2018,"2018-12-24 00:00:00"
BB-OMA00053,2000,0,2000,0,,0,2000,b,2018,"2018-12-04 00:00:00"
BB-AY00051,750,0,750,0,,0,750,b,2018,"2018-12-04 00:00:00"
BB-OMA00049,300,0,300,0,,0,300,b,2018,"2018-12-04 00:00:00"
BB-AY00048,750,0,750,0,,0,750,b,2018,"2018-12-04 00:00:00"
PR-OMA00114,0,0,100,0,,0,100,p,2018,"2018-12-24 00:00:00"
BB-OMA00047,500,0,500,0,,0,500,b,2018,"2018-12-04 00:00:00"
BB-OMA00046,300,0,300,0,,0,300,b,2018,"2018-12-04 00:00:00"
BB-OF00044,300,0,300,0,,0,300,b,2018,"2018-12-04 00:00:00"
PR-OMA00112,0,0,90,0,,0,90,p,2018,"2018-12-24 00:00:00"
PR-OMA00110,0,0,90,0,,0,90,p,2018,"2018-12-24 00:00:00"
PR-AY00108,0,0,90,0,,0,90,p,2018,"2018-12-24 00:00:00"
BB-OMA00043,50,0,50,0,,0,50,b,2018,"2018-12-04 00:00:00"
PR-AY00106,0.0025,0,200,0,,0,200,p,2018,"2018-12-24 00:00:00"
PR-AY00104,0,0,75,0,,0,75,p,2018,"2018-12-24 00:00:00"
BB-OMA00041,300,0,300,0,,0,300,b,2018,"2018-12-04 00:00:00"
PR-AY00102,0.0025,0,200,0,,0,200,p,2018,"2018-12-24 00:00:00"
BB-OMA00039,60,0,60,0,,0,60,b,2018,"2018-12-04 00:00:00"
PR-AY00100,0,0,400,0,,0,400,p,2018,"2018-12-24 00:00:00"
PR-AY00098,0,0,70,0,,0,70,p,2018,"2018-12-24 00:00:00"
PR-OMA00096,0,0,90,0,,0,90,p,2018,"2018-12-24 00:00:00"
PR-OMA00094,0,0,100,0,,0,100,p,2018,"2018-12-24 00:00:00"
PR-AY00092,0,0,90,0,,0,90,p,2018,"2018-12-24 00:00:00"
BB-AY00036,100,0,100,0,,0,100,b,2018,"2018-12-04 00:00:00"
BB-OMA00035,60,0,60,0,,0,60,b,2018,"2018-12-04 00:00:00"
PR-OMA00090,0,0,90,0,,0,90,p,2018,"2018-12-24 00:00:00"
PR-AY00088,0,0,400,0,,0,400,p,2018,"2018-12-24 00:00:00"
BB-OMA00034,100,0,100,0,,0,100,b,2018,"2018-12-04 00:00:00"
PR-AY00086,0,0,100,0,,0,100,p,2018,"2018-12-24 00:00:00"
BB-OMA00033,400,0,400,0,,0,400,b,2018,"2018-12-04 00:00:00"
PR-OMA00084,0,0,75,0,,0,75,p,2018,"2018-12-24 00:00:00"
BB-OMA00032,100,0,100,0,,0,100,b,2018,"2018-12-04 00:00:00"
PR-OMA00082,0,0,100,0,,0,100,p,2018,"2018-12-24 00:00:00"
PR-AY00080,0.0025,0,200,0,,0,200,p,2018,"2018-12-24 00:00:00"
PR-OMA00078,0,0,75,0,,0,75,p,2018,"2018-12-24 00:00:00"
BB-OF00031,2000,0,2000,0,,0,2000,b,2018,"2018-12-04 00:00:00"
BB-AY00030,400,0,400,0,,0,400,b,2018,"2018-12-04 00:00:00"
BB-OF00027,200,0,200,0,,0,200,b,2018,"2018-12-04 00:00:00"
PR-AY00076,0,0,60,0,,0,60,p,2018,"2018-12-24 00:00:00"
PR-OMA00074,0,0,100,0,,0,100,p,2018,"2018-12-24 00:00:00"
PR-OMA00072,0,0,90,0,,0,90,p,2018,"2018-12-24 00:00:00"
BB-AY00025,300,0,300,0,,0,300,b,2018,"2018-12-04 00:00:00"
BB-AY00024,300,0,300,0,,0,300,b,2018,"2018-12-04 00:00:00"
PR-OMA00070,0,0,90,0,,0,90,p,2018,"2018-12-24 00:00:00"
BB-AY00023,50,0,50,0,,0,50,b,2018,"2018-12-04 00:00:00"
PR-AY00068,0,0,70,0,,0,70,p,2018,"2018-12-24 00:00:00"
PR-AY00066,0,0,90,0,,0,90,p,2018,"2018-12-24 00:00:00"
PR-OMA00064,0,0,90,0,,0,90,p,2018,"2018-12-24 00:00:00"
PR-AY00062,0,0,90,0,,0,90,p,2018,"2018-12-24 00:00:00"
PR-AY00060,0,0,90,0,,0,90,p,2018,"2018-12-24 00:00:00"
PR-OMA00058,0,0,90,0,,0,90,p,2018,"2018-12-24 00:00:00"
PR-AY00056,0,0,90,0,,0,90,p,2018,"2018-12-24 00:00:00"
BB-AY00021,400,0,400,0,,0,400,b,2018,"2018-12-04 00:00:00"
PR-AY00054,0,0,90,0,,0,90,p,2018,"2018-12-24 00:00:00"
PR-AY00052,0,0,100,0,,0,100,p,2018,"2018-12-24 00:00:00"
BB-AY00020,100,0,100,0,,0,100,b,2018,"2018-12-04 00:00:00"
PR-AY00050,0,0,90,0,,0,90,p,2018,"2018-12-24 00:00:00"
PR-AY00048,0,0,400,0,,0,400,p,2018,"2018-12-24 00:00:00"
PR-AY00046,0,0,100,0,,0,100,p,2018,"2018-12-24 00:00:00"
BB-AY00017,100,0,100,0,,0,100,b,2018,"2018-12-04 00:00:00"
PR-AY00044,0,0,70,0,,0,70,p,2018,"2018-12-24 00:00:00"
BB-AY00015,50,0,50,0,,0,50,b,2018,"2018-12-04 00:00:00"
PR-AY00042,0,0,100,0,,0,100,p,2018,"2018-12-24 00:00:00"
PR-OMA00040,0,0,100,0,,0,100,p,2018,"2018-12-24 00:00:00"
PR-AY00038,0,0,100,0,,0,100,p,2018,"2018-12-24 00:00:00"
BB-AY00012,400,0,400,0,,0,400,b,2018,"2018-12-04 00:00:00"
PR-AY00036,0,0,90,0,,0,90,p,2018,"2018-12-24 00:00:00"
PR-AY00034,0,0,90,0,,0,90,p,2018,"2018-12-24 00:00:00"
PR-AY00032,0,0,400,0,,0,400,p,2018,"2018-12-24 00:00:00"
PR-AY00030,0,0,70,0,,0,70,p,2018,"2018-12-24 00:00:00"
PR-AY00028,0,0,100,0,,0,100,p,2018,"2018-12-24 00:00:00"
BB-AY00011,400,0,400,0,,0,400,b,2018,"2018-12-04 00:00:00"
PR-AY00026,0,0,100,0,,0,100,p,2018,"2018-12-24 00:00:00"
PR-KT00024,0,0,70,0,,0,70,p,2018,"2018-12-24 00:00:00"
BB-KT00010,750,0,750,0,,0,750,b,2018,"2018-12-03 00:00:00"
BB-AY00009,750,0,750,0,,0,750,b,2018,"2018-12-03 00:00:00"
BB-AY00008,540,0,540,0,,0,540,b,2018,"2018-12-03 00:00:00"
PR-AY00022,0,0,25,0,,0,25,p,2018,"2018-12-24 00:00:00"
PR-AY00020,0,0,52,0,,0,52,p,2018,"2018-12-24 00:00:00"
PR-AY00018,0,0,90,0,,0,90,p,2018,"2018-12-24 00:00:00"
PR-AY00016,0,0,70,0,,0,70,p,2018,"2018-12-24 00:00:00"
PR-AY00014,0,0,400,0,,0,400,p,2018,"2018-12-24 00:00:00"
BB-AY00007,1000,0,1000,0,,0,1000,b,2018,"2018-12-03 00:00:00"
BB-KT00006,750,0,750,0,,0,750,b,2018,"2018-12-03 00:00:00"
BB-AY00005,1250,0,1250,0,,0,1250,b,2018,"2018-12-03 00:00:00"
BB-AY00003,100,0,100,0,,0,100,b,2018,"2018-12-03 00:00:00"
BB-AY00004,1250,0,1250,0,,0,1250,b,2018,"2018-12-03 00:00:00"
PR-AY00012,0,0,70,0,,0,70,p,2018,"2018-12-24 00:00:00"
PR-KT00010,0,0,90,0,,0,90,p,2018,"2018-12-24 00:00:00"
PR-OMA00008,0,0,70,0,,0,70,p,2018,"2018-12-24 00:00:00"
PR-AY00006,0.0025,0,200,0,,0,200,p,2018,"2018-12-24 00:00:00"
PR-AY00004,0,0,100,0,,0,100,p,2018,"2018-12-24 00:00:00"
PR-AY00002,0.00065,0,100,0,,0,100,p,2018,"2018-12-24 00:00:00"
BB-OMAAY00002,500,0,500,0,,0,500,b,2018,"2018-11-28 00:00:00"
<!DOCTYPE html>
<html>
    <head>
        <meta charset="UTF-8" />
        <meta http-equiv="refresh" content="0;url=http://oforikrom-rms.herokuapp.com/console/reports/bills/account" />

        <title>Redirecting to http://oforikrom-rms.herokuapp.com/console/reports/bills/account</title>
    </head>
    <body>
        Redirecting to <a href="http://oforikrom-rms.herokuapp.com/console/reports/bills/account">http://oforikrom-rms.herokuapp.com/console/reports/bills/account</a>.
    </body>
</html>